<?xml version="1.0" encoding="UTF-8"?>
<element>
    <title>Example Widget</title>
    <description>Example Widget</description>
    <icon>fa-solid fa-snowflake</icon>
    <category>Example</category>
    <element_type>widget</element_type>
    <form>
        <fields>
            <fieldset name="general-settings" label="TPL_ASTROID_GENERAL_SETTINGS_LABEL" addfieldpath="/libraries/astroid/framework/fields">
                <field astroidgroup="general" type="astroidtext" label="Say Hi" name="statement"/>
            </fieldset>
            <fieldset name="assignment-settings" label="TPL_ASTROID_ASSIGNMENT_SETTINGS_LABEL" addfieldpath="/libraries/astroid/framework/fields" articleData="false">
                <field type="astroidlist" name="assignment_type" label="ASTROID_WIDGET_ASSIGN" default="1">
                    <option value="1">ASTROID_WIDGET_ON_ALL_PAGES</option>
                    <option value="0">ASTROID_WIDGET_NO_PAGES</option>
                    <option value="2">ASTROID_WIDGET_SELECTED_PAGES</option>
                </field>
                <field ngShow="[assignment_type]==2" type="astroidassignment" label="ASTROID_ASSIGN_TO_MENU_ITEM" name="assignment"/>
            </fieldset>
        </fields>
    </form>
</element>
