<?xml version="1.0" encoding="utf-8"?>
<extension version="3.8" type="plugin" group="astroid" method="upgrade">
	<name>Example Elements Plugin - Astroid</name>
	<author>TemPlaza</author>
	<creationDate>July 2024</creationDate>
    <copyright>Copyright (C) 2011 - 2024 TemPlaza. All rights reserved.</copyright>
    <license>http://www.gnu.org/licenses/gpl-3.0.html GPLv3 or later</license>
	<authorEmail>info@templaza.com</authorEmail>
	<authorUrl>https://templaza.com</authorUrl>
    <version>1.0.0</version>
    <description>
		Example Elements for Astroid.
    </description>
	<files>
		<filename plugin="plg_elements_example">plg_elements_example.php</filename>
		<folder plugin="plg_elements_example">elements</folder>
	</files>
</extension>
